period_start,hashtag,count
2009-04-06,fb,3
2009-04-06,24,1
2009-04-06,3,1
2009-04-06,art,1
2009-04-06,camerafail,1
2009-04-06,fail,1
2009-04-06,fml,1
2009-04-06,gayforpeavy,1
2009-04-06,itm,1
2009-04-06,krispykreme,1
2009-04-06,therapyfail,1
2009-04-06,travian,1
2009-04-06,ttsc,1
2009-04-06,wow,1
2009-04-07,fb,9
2009-04-07,earthquake,3
2009-04-07,house,3
2009-04-07,lahore,3
2009-04-07,1,2
2009-04-07,dreams,2
2009-04-07,dwsr,2
2009-04-07,easter,2
2009-04-07,fail,2
2009-04-07,failwhale,2
2009-04-07,italy,2
2009-04-07,liquor,2
2009-04-07,spbpuk,2
2009-04-07,2,1
2009-04-07,24,1
2009-04-07,42,1
2009-04-07,5,1
2009-04-07,8,1
2009-04-07,ambients,1
2009-04-07,automationatacost,1
2009-04-07,babypunch,1
2009-04-07,barcodes,1
2009-04-07,berlin,1
2009-04-07,bluepeter,1
2009-04-07,btv,1
2009-04-07,c25k,1
2009-04-07,chow,1
2009-04-07,cloudforce,1
2009-04-07,cnn,1
2009-04-07,cob,1
2009-04-07,cricket,1
2009-04-07,digital,1
2009-04-07,downloads,1
2009-04-07,drupal,1
2009-04-07,epicfail,1
2009-04-07,error,1
2009-04-07,f1,1
2009-04-07,fantasysurfer,1
2009-04-07,gmail,1
2009-04-07,goodlife,1
2009-04-07,gsoc,1
2009-04-07,heroes,1
2009-04-07,heyxboxlive,1
2009-04-07,high,1
2009-04-07,i36,1
2009-04-07,ignitecardiff,1
2009-04-07,il05,1
2009-04-07,iphone,1
2009-04-07,itm,1
2009-04-07,itunes,1
2009-04-07,ivaa09,1
2009-04-07,kulula,1
2009-04-07,mesh09,1
2009-04-07,mhbigcatch,1
2009-04-07,mmuk09,1
2009-04-07,msu,1
2009-04-07,n85,1
2009-04-07,new,1
2009-04-07,niceweather,1
2009-04-07,nickdarcy,1
2009-04-07,ottawa,1
2009-04-07,over,1
2009-04-07,pawpawty,1
2009-04-07,photog,1
2009-04-07,php,1
2009-04-07,phpnw,1
2009-04-07,pman,1
2009-04-07,poken,1
2009-04-07,qt4,1
2009-04-07,rails,1
2009-04-07,rockbox,1
2009-04-07,sad,1
2009-04-07,search,1
2009-04-07,semantic,1
2009-04-07,smc_mcr,1
2009-04-07,smeeps,1
2009-04-07,spartans,1
2009-04-07,spotify,1
2009-04-07,standard,1
2009-04-07,startrek,1
2009-04-07,stuckrecord,1
2009-04-07,summers,1
2009-04-07,surface,1
2009-04-07,terremoto,1
2009-04-07,the,1
2009-04-07,theinbetweeners,1
2009-04-07,ticket,1
2009-04-07,tired,1
2009-04-07,titsuptuesday,1
2009-04-07,tracy,1
2009-04-07,twilight,1
2009-04-07,twitter,1
2009-04-07,twitteriffic,1
2009-04-07,txdla09,1
2009-04-07,untwitter,1
2009-04-07,virgin,1
2009-04-07,visualforce,1
2009-04-07,walthamstowemd,1
2009-04-07,wch,1
2009-04-07,wesharedi,1
2009-04-07,wiifit,1
2009-04-07,wolframalpha,1
2009-04-07,wowroom,1
2009-04-17,asot400,5
2009-04-17,1,2
2009-04-17,randomfacts,2
2009-04-17,2,1
2009-04-17,angels,1
2009-04-17,cat,1
2009-04-17,dollhouse,1
2009-04-17,drunk,1
2009-04-17,dubstep,1
2009-04-17,fb,1
2009-04-17,frinightfever,1
2009-04-17,gamearena,1
2009-04-17,hillhouse,1
2009-04-17,howling,1
2009-04-17,ichc,1
2009-04-17,lol,1
2009-04-17,lost,1
2009-04-17,plowed,1
2009-04-17,sll,1
2009-04-17,socks,1
2009-04-17,susanboyle,1
2009-04-17,theoffice,1
2009-04-17,tron,1
2009-04-17,twunes,1
2009-04-17,ufc,1
2009-04-17,wasted,1
2009-04-17,wow,1
2009-04-18,asot400,69
2009-04-18,fb,10
2009-04-18,readathon,10
2009-04-18,ipl,6
2009-04-18,f1,5
2009-04-18,1,4
2009-04-18,fifthsummit,3
2009-04-18,2,2
2009-04-18,flylady,2
2009-04-18,macbook,2
2009-04-18,rsd09,2
2009-04-18,tltsym09,2
2009-04-18,ufc97,2
2009-04-18,webdd,2
2009-04-18,wow,2
2009-04-18,16,1
2009-04-18,3,1
2009-04-18,5,1
2009-04-18,6,1
2009-04-18,ahbl,1
2009-04-18,asd,1
2009-04-18,asot4,1
2009-04-18,autism,1
2009-04-18,barcampevn09,1
2009-04-18,barcamphanoi,1
2009-04-18,barcamporlando,1
2009-04-18,batman,1
2009-04-18,blockparty,1
2009-04-18,bremen,1
2009-04-18,brewers,1
2009-04-18,brotherblues,1
2009-04-18,campcourage,1
2009-04-18,caps,1
2009-04-18,capstwackle,1
2009-04-18,cbj,1
2009-04-18,citifield,1
2009-04-18,coachella,1
2009-04-18,cocktup,1
2009-04-18,coktup,1
2009-04-18,conservation,1
2009-04-18,copyediting,1
2009-04-18,couchsurfing,1
2009-04-18,cubbies,1
2009-04-18,cursegaming,1
2009-04-18,democratic,1
2009-04-18,epicfail,1
2009-04-18,followfriday,1
2009-04-18,following,1
2009-04-18,fox,1
2009-04-18,fqfest,1
2009-04-18,geekmeet,1
2009-04-18,gow2,1
2009-04-18,grr,1
2009-04-18,herebeforeoprah,1
2009-04-18,hotstreak,1
2009-04-18,idiotictwitterapps,1
2009-04-18,imbot,1
2009-04-18,indonesia,1
2009-04-18,inlineslalom,1
2009-04-18,ipb,1
2009-04-18,iphone,1
2009-04-18,isoj,1
2009-04-18,jogging,1
2009-04-18,joomla,1
2009-04-18,lcrew,1
2009-04-18,maximopark,1
2009-04-18,meinvz,1
2009-04-18,mets,1
2009-04-18,mlbtv,1
2009-04-18,nascar,1
2009-04-18,nba,1
2009-04-18,nbaplayoffs,1
2009-04-18,nedfail,1
2009-04-18,notacon,1
2009-04-18,nufc,1
2009-04-18,of,1
2009-04-18,orthodoxeaster,1
2009-04-18,painbuddies,1
2009-04-18,phillycodecamp,1
2009-04-18,phish,1
2009-04-18,prsany,1
2009-04-18,pussycatis,1
2009-04-18,pussycatisland,1
2009-04-18,record,1
2009-04-18,satchat,1
2009-04-18,sato48,1
2009-04-18,sigh,1
2009-04-18,sota09,1
2009-04-18,spectrial,1
2009-04-18,squirrel,1
2009-04-18,stillnotreadyfor100degreeweatherbutluvphx,1
2009-04-18,supa,1
2009-04-18,swfoocamp,1
2009-04-18,sxsemia,1
2009-04-18,tcot,1
2009-04-18,tfe,1
2009-04-18,theagee5k,1
2009-04-18,timewarnercable,1
2009-04-18,tpb,1
2009-04-18,travis,1
2009-04-18,tuttle,1
2009-04-18,tweetdeck,1
2009-04-18,twitterwhore,1
2009-04-18,ufc,1
2009-04-18,uprise,1
2009-04-18,webraising,1
2009-04-18,whataburger,1
2009-04-18,whuffie,1
2009-04-18,zenjar,1
2009-04-19,asot400,63
2009-04-19,f1,32
2009-04-19,pussycatisland,8
2009-04-19,ipl,5
2009-04-19,fail,3
2009-04-19,1,2
2009-04-19,3,2
2009-04-19,bakeoff,2
2009-04-19,barcampbkk3,2
2009-04-19,barcamphanoi,2
2009-04-19,canucks,2
2009-04-19,indiavotes09,2
2009-04-19,iphone,2
2009-04-19,ipl09,2
2009-04-19,113,1
2009-04-19,14,1
2009-04-19,2,1
2009-04-19,3yp,1
2009-04-19,789,1
2009-04-19,aacr,1
2009-04-19,accidentshappen,1
2009-04-19,alicante,1
2009-04-19,amazonfail,1
2009-04-19,anagramsunday,1
2009-04-19,android,1
2009-04-19,arrivatrainswales,1
2009-04-19,berbatov,1
2009-04-19,bigdealmoms,1
2009-04-19,blog,1
2009-04-19,bluray,1
2009-04-19,bmwsauber,1
2009-04-19,bsg,1
2009-04-19,buffalo,1
2009-04-19,campello,1
2009-04-19,championship,1
2009-04-19,chicago,1
2009-04-19,chickintrain,1
2009-04-19,coachella,1
2009-04-19,coldremedy,1
2009-04-19,costadelsol,1
2009-04-19,dateline,1
2009-04-19,deonandan,1
2009-04-19,dispatches,1
2009-04-19,dogma,1
2009-04-19,dogwalkers,1
2009-04-19,eee,1
2009-04-19,fb,1
2009-04-19,felipebaby,1
2009-04-19,ferrari,1
2009-04-19,firebug,1
2009-04-19,fml,1
2009-04-19,formula1,1
2009-04-19,french,1
2009-04-19,g20,1
2009-04-19,gadgetshowlive,1
2009-04-19,gameports,1
2009-04-19,genealogy,1
2009-04-19,german,1
2009-04-19,github,1
2009-04-19,google,1
2009-04-19,grandeastangliarun,1
2009-04-19,groezrock,1
2009-04-19,hac5,1
2009-04-19,ilhm,1
2009-04-19,iliad,1
2009-04-19,india,1
2009-04-19,indycar,1
2009-04-19,jax09,1
2009-04-19,karunanidhi,1
2009-04-19,kaspa85,1
2009-04-19,king,1
2009-04-19,kings,1
2009-04-19,lastmasters,1
2009-04-19,malwarebytes,1
2009-04-19,manu,1
2009-04-19,mets,1
2009-04-19,moab,1
2009-04-19,mom,1
2009-04-19,mpsexpenses,1
2009-04-19,mw2,1
2009-04-19,mw2009,1
2009-04-19,news,1
2009-04-19,nhltweetup,1
2009-04-19,nrl,1
2009-04-19,nufc,1
2009-04-19,orissa,1
2009-04-19,otalia,1
2009-04-19,overload,1
2009-04-19,poken,1
2009-04-19,policestate,1
2009-04-19,prabhakaran,1
2009-04-19,progrock,1
2009-04-19,qgoogle,1
2009-04-19,quote,1
2009-04-19,robie,1
2009-04-19,robiecreek,1
2009-04-19,roosters,1
2009-04-19,sad,1
2009-04-19,skaterhockey,1
2009-04-19,skeptwiit,1
2009-04-19,skydive,1
2009-04-19,spain,1
2009-04-19,spurs,1
2009-04-19,taekwondo,1
2009-04-19,tags,1
2009-04-19,the,1
2009-04-19,thedead,1
2009-04-19,tweetdeck,1
2009-04-19,twitter,1
2009-04-19,tyler,1
2009-04-19,vconqr,1
2009-04-19,waketraining,1
2009-04-19,weekend,1
2009-04-19,wep128,1
2009-04-19,wififail,1
2009-04-19,win,1
2009-04-19,wolves,1
2009-04-19,woot,1
2009-04-19,wordpress,1
2009-04-19,work,1
2009-04-19,yaymen,1
2009-04-19,zenjar,1
2009-04-19,zoesparty,1
2009-04-20,tweetie,11
2009-04-20,fb,5
2009-04-20,fail,3
2009-04-20,1,2
2009-04-20,flylady,2
2009-04-20,iphone,2
2009-04-20,java,2
2009-04-20,musicmonday,2
2009-04-20,nambu,2
2009-04-20,oracle,2
2009-04-20,summer09,2
2009-04-20,twitter,2
2009-04-20,36,1
2009-04-20,420,1
2009-04-20,acupuncture,1
2009-04-20,adobe,1
2009-04-20,appstore,1
2009-04-20,bittorrent,1
2009-04-20,blackberry,1
2009-04-20,bostonmarathon,1
2009-04-20,bsg,1
2009-04-20,caam,1
2009-04-20,caprica,1
2009-04-20,darkangel,1
2009-04-20,dissertation,1
2009-04-20,dnd,1
2009-04-20,dollhouse,1
2009-04-20,drunk,1
2009-04-20,drupal,1
2009-04-20,exam,1
2009-04-20,fiestamovement,1
2009-04-20,foodfail,1
2009-04-20,fox,1
2009-04-20,google,1
2009-04-20,gsoc,1
2009-04-20,help,1
2009-04-20,henrywoodhouse,1
2009-04-20,herebeforeoprah,1
2009-04-20,ipl,1
2009-04-20,itsgrimupnorth,1
2009-04-20,kwinanafreeway,1
2009-04-20,lbf,1
2009-04-20,ldow2009,1
2009-04-20,lomo,1
2009-04-20,lost,1
2009-04-20,medifast,1
2009-04-20,missusa,1
2009-04-20,morningjoe,1
2009-04-20,newo,1
2009-04-20,opensource,1
2009-04-20,oppositetuesday,1
2009-04-20,pissedoff,1
2009-04-20,pol09,1
2009-04-20,polc09,1
2009-04-20,posscon,1
2009-04-20,prosehos,1
2009-04-20,redshirts,1
2009-04-20,samaya,1
2009-04-20,spam,1
2009-04-20,streetview,1
2009-04-20,sun,1
2009-04-20,sv2009,1
2009-04-20,symp09,1
2009-04-20,taverna,1
2009-04-20,tdd,1
2009-04-20,throwback,1
2009-04-20,tintedwindows,1
2009-04-20,torrent,1
2009-04-20,torturewood,1
2009-04-20,tweetdare,1
2009-04-20,twit,1
2009-04-20,uhoh,1
2009-04-20,virgin,1
2009-04-20,yaymen,1
2009-04-21,fail,6
2009-04-21,fb,5
2009-04-21,tweetie,3
2009-04-21,amazon,2
2009-04-21,itsgrimupnorth,2
2009-04-21,s,2
2009-04-21,adtech,1
2009-04-21,amazee,1
2009-04-21,blackberry,1
2009-04-21,cfs,1
2009-04-21,confluence,1
2009-04-21,crapvodafonedongle,1
2009-04-21,globalmarijuanamarch,1
2009-04-21,google,1
2009-04-21,harpersglobe,1
2009-04-21,harpersisland,1
2009-04-21,heroes,1
2009-04-21,homegame,1
2009-04-21,indiavotes09,1
2009-04-21,insomnia,1
2009-04-21,internode,1
2009-04-21,ipv6summit,1
2009-04-21,laserdisc,1
2009-04-21,lbf09,1
2009-04-21,lg15,1
2009-04-21,lions,1
2009-04-21,lions09,1
2009-04-21,lions2009,1
2009-04-21,london,1
2009-04-21,mac,1
2009-04-21,mysql,1
2009-04-21,nationofidiots,1
2009-04-21,notlikely,1
2009-04-21,orcale,1
2009-04-21,pelc09,1
2009-04-21,peoplebrowser,1
2009-04-21,redsox,1
2009-04-21,sagepay,1
2009-04-21,sigma,1
2009-04-21,sun,1
2009-04-21,sux,1
2009-04-21,tedglobal,1
2009-04-21,tedindia,1
2009-04-21,thelast,1
2009-04-21,twitter,1
2009-04-21,windows7,1
2009-04-21,xa,1
2009-04-21,yeg,1
2009-05-01,awaresg,3
2009-05-01,swineflu,3
2009-05-01,fb,2
2009-05-01,twitterfon,2
2009-05-01,1,1
2009-05-01,aam09,1
2009-05-01,aces2009,1
2009-05-01,asp,1
2009-05-01,aware,1
2009-05-01,azure,1
2009-05-01,cartoonavie,1
2009-05-01,dutchlessons,1
2009-05-01,fail,1
2009-05-01,followfriday,1
2009-05-01,hamthrax,1
2009-05-01,hhrs,1
2009-05-01,hin1,1
2009-05-01,jonaslive,1
2009-05-01,kentuckyderby,1
2009-05-01,lost,1
2009-05-01,mariners,1
2009-05-01,moosetracks,1
2009-05-01,nascar,1
2009-05-01,odna,1
2009-05-01,photos,1
2009-05-01,pvp,1
2009-05-01,railsconf,1
2009-05-01,san,1
2009-05-01,sanluis,1
2009-05-01,sleeplessinseattle,1
2009-05-01,sobcon,1
2009-05-01,tg4g,1
2009-05-01,tweetdeck,1
2009-05-01,tweetie,1
2009-05-01,tweetjack,1
2009-05-01,twitterrific,1
2009-05-01,typo3,1
2009-05-01,wow,1
2009-05-01,zenjar,1
2009-05-02,awaresg,11
2009-05-02,pawpawty,6
2009-05-02,fb,5
2009-05-02,1,4
2009-05-02,2,4
2009-05-02,chrisflu,4
2009-05-02,followfriday,3
2009-05-02,geocaching,3
2009-05-02,hoppusday,3
2009-05-02,swineflu,3
2009-05-02,9,2
2009-05-02,bamboozle,2
2009-05-02,bcp3,2
2009-05-02,btv,2
2009-05-02,bulls,2
2009-05-02,ccn,2
2009-05-02,chchtweetup,2
2009-05-02,ff,2
2009-05-02,fletcherday,2
2009-05-02,flylady,2
2009-05-02,ipl,2
2009-05-02,mwyda,2
2009-05-02,penguins,2
2009-05-02,pman,2
2009-05-02,postgresql,2
2009-05-02,python,2
2009-05-02,wolverine,2
2009-05-02,093m3,1
2009-05-02,10,1
2009-05-02,13,1
2009-05-02,19,1
2009-05-02,1up,1
2009-05-02,4,1
2009-05-02,alohafriday,1
2009-05-02,amazonfail,1
2009-05-02,android,1
2009-05-02,bck5,1
2009-05-02,bgt,1
2009-05-02,bizcase,1
2009-05-02,brighton,1
2009-05-02,bug,1
2009-05-02,celtics,1
2009-05-02,cle,1
2009-05-02,composer,1
2009-05-02,conwy,1
2009-05-02,csk,1
2009-05-02,cupcake,1
2009-05-02,dailyexercise,1
2009-05-02,dddscot,1
2009-05-02,deli,1
2009-05-02,derby,1
2009-05-02,dkaj,1
2009-05-02,drupal,1
2009-05-02,evernote,1
2009-05-02,f1,1
2009-05-02,failwhale,1
2009-05-02,fcbd,1
2009-05-02,flossylove,1
2009-05-02,football,1
2009-05-02,fortworth,1
2009-05-02,frankie95,1
2009-05-02,freerealms,1
2009-05-02,g1,1
2009-05-02,genocide,1
2009-05-02,geodefence,1
2009-05-02,gravity,1
2009-05-02,heavyworkload,1
2009-05-02,heroes,1
2009-05-02,hndate,1
2009-05-02,imaginerit,1
2009-05-02,inews,1
2009-05-02,inqmobile,1
2009-05-02,iphone,1
2009-05-02,iproject,1
2009-05-02,jackinthebox,1
2009-05-02,jonaslive,1
2009-05-02,karachi,1
2009-05-02,keysinmahcar,1
2009-05-02,kilaumeet,1
2009-05-02,killington,1
2009-05-02,kolachefactory,1
2009-05-02,laddas,1
2009-05-02,ldn,1
2009-05-02,mdsw,1
2009-05-02,mets,1
2009-05-02,mhstrategy,1
2009-05-02,microsoft,1
2009-05-02,moodswings,1
2009-05-02,moscato,1
2009-05-02,munlei,1
2009-05-02,mwc,1
2009-05-02,nambu,1
2009-05-02,nascaronfox,1
2009-05-02,nml09,1
2009-05-02,nuggets,1
2009-05-02,nysc,1
2009-05-02,omnigraffle,1
2009-05-02,openmoko,1
2009-05-02,otweet,1
2009-05-02,paperwork,1
2009-05-02,pbr09,1
2009-05-02,pc,1
2009-05-02,pc09,1
2009-05-02,penguicon,1
2009-05-02,photogs,1
2009-05-02,pink,1
2009-05-02,plot,1
2009-05-02,pompey,1
2009-05-02,poynterday,1
2009-05-02,redsox,1
2009-05-02,revision,1
2009-05-02,revision3,1
2009-05-02,reyes,1
2009-05-02,rockplat,1
2009-05-02,seaf,1
2009-05-02,singapore,1
2009-05-02,sparkpeople,1
2009-05-02,spiritual,1
2009-05-02,spsdc,1
2009-05-02,spurs,1
2009-05-02,stabbity,1
2009-05-02,startrek,1
2009-05-02,story,1
2009-05-02,surfing,1
2009-05-02,t,1
2009-05-02,teambritney,1
2009-05-02,temples,1
2009-05-02,tfc,1
2009-05-02,tff2009,1
2009-05-02,tmmm,1
2009-05-02,tmobile,1
2009-05-02,tourdeblono,1
2009-05-02,tweetie,1
2009-05-02,twins,1
2009-05-02,twit,1
2009-05-02,twitter,1
2009-05-02,ubuntu,1
2009-05-02,unsettlingsaturday,1
2009-05-02,uxcb09,1
2009-05-02,vegas,1
2009-05-02,victoria,1
2009-05-02,vitaminwater,1
2009-05-02,vt,1
2009-05-02,waltzwithbashir,1
2009-05-02,weather,1
2009-05-02,wind,1
2009-05-02,windows7rc,1
2009-05-02,wordpress,1
2009-05-02,wordsucks,1
2009-05-02,wwdcs,1
2009-05-02,xmen,1
2009-05-02,xmenorigins,1
2009-05-02,yarnporn,1
2009-05-02,zenjar,1
2009-05-03,bck5,12
2009-05-03,fb,12
2009-05-03,hoppusday,9
2009-05-03,pawpawty,7
2009-05-03,2,5
2009-05-03,swineflu,5
2009-05-03,logies,4
2009-05-03,magicalmoms,3
2009-05-03,sambradley,3
2009-05-03,3,2
2009-05-03,barcampbham,2
2009-05-03,cher,2
2009-05-03,fail,2
2009-05-03,followfriday,2
2009-05-03,kelloggs,2
2009-05-03,paparazzi,2
2009-05-03,10,1
2009-05-03,34,1
2009-05-03,3yp,1
2009-05-03,749,1
2009-05-03,9,1
2009-05-03,a1gp,1
2009-05-03,ablegamers,1
2009-05-03,acdc,1
2009-05-03,afl,1
2009-05-03,apprentice,1
2009-05-03,ayrton,1
2009-05-03,backgroundimage,1
2009-05-03,bacon,1
2009-05-03,bamboozle,1
2009-05-03,baristawannabe,1
2009-05-03,baseball,1
2009-05-03,bluebox,1
2009-05-03,bored,1
2009-05-03,breakfast,1
2009-05-03,breakingbad,1
2009-05-03,brighton,1
2009-05-03,caps,1
2009-05-03,celebrityapprentice,1
2009-05-03,cityrail,1
2009-05-03,continental,1
2009-05-03,cubs,1
2009-05-03,dating,1
2009-05-03,david,1
2009-05-03,dddscot,1
2009-05-03,dddsw,1
2009-05-03,diigo,1
2009-05-03,divorceparty,1
2009-05-03,djangocon,1
2009-05-03,dreamteam,1
2009-05-03,ducks,1
2009-05-03,edaust09,1
2009-05-03,educause,1
2009-05-03,emetrics,1
2009-05-03,eurodjangocon,1
2009-05-03,famished,1
2009-05-03,fedora,1
2009-05-03,ff,1
2009-05-03,fiestamovement,1
2009-05-03,flickr,1
2009-05-03,flyingpig,1
2009-05-03,flylady,1
2009-05-03,forex,1
2009-05-03,fryqi,1
2009-05-03,futsal,1
2009-05-03,glasgow,1
2009-05-03,google,1
2009-05-03,hatton,1
2009-05-03,hawks,1
2009-05-03,hburgnews,1
2009-05-03,hdtv,1
2009-05-03,heat,1
2009-05-03,hollywoodrcds,1
2009-05-03,hsvtweetup,1
2009-05-03,india,1
2009-05-03,insomnia,1
2009-05-03,iphoneforalonis,1
2009-05-03,jazzfest,1
2009-05-03,jbf,1
2009-05-03,joomla,1
2009-05-03,karachi,1
2009-05-03,kosherfail,1
2009-05-03,kyoto,1
2009-05-03,lacasting,1
2009-05-03,ladytron,1
2009-05-03,lds,1
2009-05-03,linux,1
2009-05-03,livescribe,1
2009-05-03,maastricht,1
2009-05-03,maddie,1
2009-05-03,manhattan,1
2009-05-03,min186,1
2009-05-03,mow,1
2009-05-03,mpexpenses,1
2009-05-03,nataliebasingthwaite,1
2009-05-03,ncfc,1
2009-05-03,netflix,1
2009-05-03,neuromancer,1
2009-05-03,nola,1
2009-05-03,nyc,1
2009-05-03,osx,1
2009-05-03,outdoors,1
2009-05-03,p2,1
2009-05-03,paperheroes,1
2009-05-03,pixeltamer,1
2009-05-03,pne,1
2009-05-03,podcastfriday,1
2009-05-03,podpuraceuticals,1
2009-05-03,pooram,1
2009-05-03,poynterday,1
2009-05-03,pre,1
2009-05-03,procycling,1
2009-05-03,quarterfest,1
2009-05-03,r2picnic,1
2009-05-03,radio,1
2009-05-03,railsconf,1
2009-05-03,rant,1
2009-05-03,redwings,1
2009-05-03,riff,1
2009-05-03,rollcall,1
2009-05-03,sag,1
2009-05-03,savechuck,1
2009-05-03,sehnsucht,1
2009-05-03,shoalsbiz,1
2009-05-03,startrekarg,1
2009-05-03,stc09,1
2009-05-03,suck,1
2009-05-03,talkback,1
2009-05-03,teched2009,1
2009-05-03,toughlove,1
2009-05-03,twitter,1
2009-05-03,twtpool,1
2009-05-03,tygaman,1
2009-05-03,ubuntu,1
2009-05-03,ultimate,1
2009-05-03,umbraco,1
2009-05-03,underbelly,1
2009-05-03,wa,1
2009-05-03,walmart,1
2009-05-03,wci,1
2009-05-03,wearelasers,1
2009-05-03,work,1
2009-05-03,wow,1
2009-05-03,wps,1
2009-05-03,xenocide,1
2009-05-03,xmenorigins,1
2009-05-03,yeg,1
2009-05-03,youtube,1
2009-05-03,yzf,1
2009-05-03,ze,1
2009-05-03,zenjar,1
2009-05-04,fb,10
2009-05-04,starwarsday,5
2009-05-04,fail,3
2009-05-04,2010,2
2009-05-04,capetown,2
2009-05-04,fifa,2
2009-05-04,jugglecon,2
2009-05-04,soccer,2
2009-05-04,stc09,2
2009-05-04,swineflu,2
2009-05-04,1,1
2009-05-04,4,1
2009-05-04,alanya,1
2009-05-04,awaresg,1
2009-05-04,beaconhotel,1
2009-05-04,caprica,1
2009-05-04,chuck,1
2009-05-04,cms,1
2009-05-04,ddddscot,1
2009-05-04,deefamouss,1
2009-05-04,dex,1
2009-05-04,eventtrack,1
2009-05-04,football,1
2009-05-04,hamr,1
2009-05-04,hhrs,1
2009-05-04,hoppusday,1
2009-05-04,html,1
2009-05-04,icehockey,1
2009-05-04,iihfhockey,1
2009-05-04,itextsharp,1
2009-05-04,lahore,1
2009-05-04,leeds,1
2009-05-04,littlebigplanet,1
2009-05-04,liverpool,1
2009-05-04,mcdonald,1
2009-05-04,mkt,1
2009-05-04,native,1
2009-05-04,ncltweetup,1
2009-05-04,next09,1
2009-05-04,pawparty,1
2009-05-04,penguins,1
2009-05-04,peoria,1
2009-05-04,picturesforsadchildren,1
2009-05-04,property,1
2009-05-04,saltwater,1
2009-05-04,savechuck,1
2009-05-04,sex,1
2009-05-04,sharepoint,1
2009-05-04,shoptoearn,1
2009-05-04,sobs,1
2009-05-04,social,1
2009-05-04,spammers,1
2009-05-04,stansted,1
2009-05-04,tastecamp,1
2009-05-04,tdd,1
2009-05-04,teapix,1
2009-05-04,thehills,1
2009-05-04,toulouse,1
2009-05-04,twdn,1
2009-05-04,tweetie,1
2009-05-04,underbelly,1
2009-05-04,virgin,1
2009-05-04,win7,1
2009-05-04,woo,1
2009-05-04,yaymen,1
2009-05-09,canucks,10
2009-05-09,fb,10
2009-05-09,sigjeans,6
2009-05-09,bouvierb,4
2009-05-09,frenchieb,4
2009-05-09,fail,3
2009-05-09,lostthegame,3
2009-05-09,2,2
2009-05-09,finals,2
2009-05-09,followfriday,2
2009-05-09,hawks,2
2009-05-09,mls,2
2009-05-09,nerdprom,2
2009-05-09,snl,2
2009-05-09,startrek,2
2009-05-09,140sunday,1
2009-05-09,23andme,1
2009-05-09,24,1
2009-05-09,30secondstomars,1
2009-05-09,912,1
2009-05-09,99,1
2009-05-09,acen,1
2009-05-09,blisters,1
2009-05-09,caps,1
2009-05-09,chestermere,1
2009-05-09,cua09,1
2009-05-09,dog,1
2009-05-09,epl,1
2009-05-09,ffxi,1
2009-05-09,googlechrome,1
2009-05-09,hair,1
2009-05-09,he,1
2009-05-09,housewife,1
2009-05-09,hurt,1
2009-05-09,iloveit,1
2009-05-09,iphone,1
2009-05-09,itunes,1
2009-05-09,lk2009,1
2009-05-09,lt,1
2009-05-09,mac,1
2009-05-09,melo,1
2009-05-09,myst,1
2009-05-09,nascar,1
2009-05-09,nef,1
2009-05-09,nin,1
2009-05-09,not,1
2009-05-09,omgswineflu,1
2009-05-09,pity,1
2009-05-09,savotes,1
2009-05-09,tampa,1
2009-05-09,tcot,1
2009-05-09,tweetitup,1
2009-05-09,twins,1
2009-05-09,twithelp,1
2009-05-09,twitter,1
2009-05-09,videogameaddiction,1
2009-05-09,whca,1
2009-05-09,whcd,1
2009-05-09,windows,1
2009-05-09,zachissexy,1
2009-05-09,zenjar,1
2009-05-10,tag,22
2009-05-10,f1,19
2009-05-10,fb,12
2009-05-10,sanctuarysunday,9
2009-05-10,twittertakeover,9
2009-05-10,dollhouse,5
2009-05-10,familyforce5,5
2009-05-10,openhacklondon,5
2009-05-10,twohandsfletcher,5
2009-05-10,wheniwerealad,5
2009-05-10,1,4
2009-05-10,mothersday,4
2009-05-10,arsenal,3
2009-05-10,cua09,3
2009-05-10,140sunday,2
2009-05-10,2,2
2009-05-10,bringtaraback,2
2009-05-10,football,2
2009-05-10,iphone,2
2009-05-10,jtv,2
2009-05-10,manutd,2
2009-05-10,onetvpcdotcom,2
2009-05-10,savedollhouse,2
2009-05-10,startrek,2
2009-05-10,vampirebeatles,2
2009-05-10,159,1
2009-05-10,20,1
2009-05-10,3d,1
2009-05-10,acen,1
2009-05-10,adelaide,1
2009-05-10,alice,1
2009-05-10,amy,1
2009-05-10,antifunny,1
2009-05-10,anu,1
2009-05-10,bell,1
2009-05-10,big,1
2009-05-10,bigweekend,1
2009-05-10,bored,1
2009-05-10,bramblesfightback,1
2009-05-10,brawngp,1
2009-05-10,breakingbad,1
2009-05-10,canucks,1
2009-05-10,celtics,1
2009-05-10,crapsoaplines,1
2009-05-10,ducks,1
2009-05-10,eee,1
2009-05-10,euroko,1
2009-05-10,euruko,1
2009-05-10,excessivehashtagusage,1
2009-05-10,facepalm,1
2009-05-10,fiagt,1
2009-05-10,finals,1
2009-05-10,fun,1
2009-05-10,giro,1
2009-05-10,heroes,1
2009-05-10,hotlesbiantwitterlovin,1
2009-05-10,i,1
2009-05-10,ibmcf09,1
2009-05-10,ilostthegame,1
2009-05-10,ipl,1
2009-05-10,is,1
2009-05-10,it,1
2009-05-10,japantechtalk,1
2009-05-10,jdedwards,1
2009-05-10,jensonbutton,1
2009-05-10,kimi,1
2009-05-10,kindle,1
2009-05-10,l1a,1
2009-05-10,lms,1
2009-05-10,lobster,1
2009-05-10,lookingatpaintcoloursagain,1
2009-05-10,mancity,1
2009-05-10,marley,1
2009-05-10,masterchef,1
2009-05-10,melbourne,1
2009-05-10,mikeywayday,1
2009-05-10,minus,1
2009-05-10,mtb,1
2009-05-10,nambu,1
2009-05-10,nigella,1
2009-05-10,perth,1
2009-05-10,pixlr,1
2009-05-10,punchdrunk,1
2009-05-10,pyggy,1
2009-05-10,rh,1
2009-05-10,rrod,1
2009-05-10,ruebensbarrichello,1
2009-05-10,scrap,1
2009-05-10,scrapbook,1
2009-05-10,so,1
2009-05-10,soccer,1
2009-05-10,swineflu,1
2009-05-10,syrup,1
2009-05-10,tcaf,1
2009-05-10,teched2009,1
2009-05-10,technologicalracism,1
2009-05-10,the,1
2009-05-10,theatre,1
2009-05-10,to,1
2009-05-10,tuf,1
2009-05-10,twitter4vg,1
2009-05-10,twittermusical,1
2009-05-10,uk,1
2009-05-10,waffles,1
2009-05-10,wakeskate,1
2009-05-10,wavefinder,1
2009-05-10,wheniwaslittle,1
2009-05-10,wheniwerealass,1
2009-05-10,wow,1
2009-05-10,wsbk,1
2009-05-10,x,1
2009-05-10,zensursula,1
2009-05-11,canucks,3
2009-05-11,fb,3
2009-05-11,twitterpornnames,3
2009-05-11,3,1
2009-05-11,7,1
2009-05-11,applefail,1
2009-05-11,bubble,1
2009-05-11,camp,1
2009-05-11,ebay,1
2009-05-11,flex,1
2009-05-11,gdc,1
2009-05-11,gdccanada,1
2009-05-11,heybabyhowyoudoin,1
2009-05-11,house,1
2009-05-11,hyderabad,1
2009-05-11,lsow,1
2009-05-11,lulz,1
2009-05-11,mavs,1
2009-05-11,nightmare,1
2009-05-11,nucks,1
2009-05-11,shameless,1
2009-05-11,shouldmoveback,1
2009-05-11,trendfixing,1
2009-05-11,twit,1
2009-05-11,yyj,1
2009-05-11,zf,1
2009-05-13,fixreplies,11
2009-05-13,twitterfail,6
2009-05-13,lost,4
2009-05-13,fb,3
2009-05-13,rpattz,2
2009-05-13,adam,1
2009-05-13,bnetraffic,1
2009-05-13,boycottnick,1
2009-05-13,cusswords,1
2009-05-13,dc,1
2009-05-13,fail,1
2009-05-13,git,1
2009-05-13,gwibber,1
2009-05-13,ipl,1
2009-05-13,londiste,1
2009-05-13,mythbusters,1
2009-05-13,postgresql,1
2009-05-13,shibaricon,1
2009-05-13,skytools,1
2009-05-13,tcot,1
2009-05-13,teaparty,1
2009-05-13,tlot,1
2009-05-13,tweetie,1
2009-05-13,twiparty,1
2009-05-13,yui,1
2009-05-14,fb,13
2009-05-14,fail,11
2009-05-14,mcfly,10
2009-05-14,fixreplies,8
2009-05-14,lost,8
2009-05-14,google,5
2009-05-14,gmail,4
2009-05-14,twittermovies,4
2009-05-14,whyitweet,4
2009-05-14,netprophet,3
2009-05-14,twitterfail,3
2009-05-14,caps,2
2009-05-14,ignitesydney,2
2009-05-14,sgtweetup,2
2009-05-14,1,1
2009-05-14,19,1
2009-05-14,3407,1
2009-05-14,73,1
2009-05-14,apprentice,1
2009-05-14,arduino,1
2009-05-14,asstrending,1
2009-05-14,bringbacklife,1
2009-05-14,brokeagain,1
2009-05-14,bruins,1
2009-05-14,chrome,1
2009-05-14,chromesucks,1
2009-05-14,climb,1
2009-05-14,codecompletion,1
2009-05-14,cpsia,1
2009-05-14,crumpets,1
2009-05-14,csk,1
2009-05-14,dell,1
2009-05-14,diet,1
2009-05-14,digibcast,1
2009-05-14,digitalplanet,1
2009-05-14,digsby,1
2009-05-14,dool,1
2009-05-14,eftpos,1
2009-05-14,ericsson,1
2009-05-14,eurovision,1
2009-05-14,evolution,1
2009-05-14,famelab,1
2009-05-14,fgdf,1
2009-05-14,final,1
2009-05-14,firefox,1
2009-05-14,fixreply,1
2009-05-14,flylady,1
2009-05-14,followfriday,1
2009-05-14,futr09,1
2009-05-14,futuresonic,1
2009-05-14,glasto,1
2009-05-14,goodluck,1
2009-05-14,goodnight,1
2009-05-14,googlewtf,1
2009-05-14,gtalk,1
2009-05-14,gtd,1
2009-05-14,gym,1
2009-05-14,hackday,1
2009-05-14,hayfestival,1
2009-05-14,hiresweetsofgeorgia,1
2009-05-14,idm,1
2009-05-14,ihaterotoscoping4eva,1
2009-05-14,imacs,1
2009-05-14,jonasparanoid,1
2009-05-14,kindle,1
2009-05-14,lastfm,1
2009-05-14,lemontree,1
2009-05-14,liverpoolfc,1
2009-05-14,lkld,1
2009-05-14,loa,1
2009-05-14,lostfanfail,1
2009-05-14,macbooks,1
2009-05-14,masheu09,1
2009-05-14,mavs,1
2009-05-14,may,1
2009-05-14,middlenamethursday,1
2009-05-14,muffin,1
2009-05-14,mymap,1
2009-05-14,n,1
2009-05-14,nhlplayoffs,1
2009-05-14,nhltweetup,1
2009-05-14,nocar,1
2009-05-14,nopants,1
2009-05-14,oip,1
2009-05-14,ophcrack,1
2009-05-14,owjen,1
2009-05-14,padi,1
2009-05-14,pdxcc09,1
2009-05-14,phx,1
2009-05-14,pistolwink,1
2009-05-14,poken,1
2009-05-14,projectaware,1
2009-05-14,psb,1
2009-05-14,puntastrophe,1
2009-05-14,qanda,1
2009-05-14,redeye,1
2009-05-14,redwings,1
2009-05-14,revision,1
2009-05-14,ridetowork,1
2009-05-14,roadtwip,1
2009-05-14,running,1
2009-05-14,sapphire09,1
2009-05-14,sas,1
2009-05-14,scarlet,1
2009-05-14,season,1
2009-05-14,shame,1
2009-05-14,sharepoint,1
2009-05-14,smcsea,1
2009-05-14,snow,1
2009-05-14,spinto,1
2009-05-14,spring,1
2009-05-14,storyofmylife,1
2009-05-14,supernatural,1
2009-05-14,sustnow,1
2009-05-14,synoiz_haemorrhaging_money,1
2009-05-14,tbarcamp,1
2009-05-14,tdc,1
2009-05-14,teambritney,1
2009-05-14,teched,1
2009-05-14,teched09,1
2009-05-14,textmate,1
2009-05-14,tge,1
2009-05-14,thinkingdigital,1
2009-05-14,tower09,1
2009-05-14,twiist,1
2009-05-14,twithugs,1
2009-05-14,twitterisstoooooooooopid,1
2009-05-14,twssthurs,1
2009-05-14,ukrds,1
2009-05-14,webmaster,1
2009-05-14,winplaylist,1
2009-05-14,wiredwedto,1
2009-05-14,woofwednesday,1
2009-05-14,yarratrams,1
2009-05-16,greenday,6
2009-05-16,3turnoffwords,4
2009-05-16,fb,3
2009-05-16,1,2
2009-05-16,3hotwords,2
2009-05-16,biking,2
2009-05-16,cycling,2
2009-05-16,tweetie,2
2009-05-16,2,1
2009-05-16,21cb,1
2009-05-16,3words,1
2009-05-16,9,1
2009-05-16,bbc,1
2009-05-16,bluebox,1
2009-05-16,bones,1
2009-05-16,breakmyheaqrt,1
2009-05-16,cashintheattic,1
2009-05-16,clt,1
2009-05-16,cravingsomethingsweet,1
2009-05-16,damnheroin,1
2009-05-16,esc09,1
2009-05-16,evfn,1
2009-05-16,fail,1
2009-05-16,fixreplies,1
2009-05-16,food,1
2009-05-16,fuse,1
2009-05-16,gmat,1
2009-05-16,halo3,1
2009-05-16,hbmf,1
2009-05-16,htf,1
2009-05-16,l3ree,1
2009-05-16,losnotc,1
2009-05-16,lost,1
2009-05-16,lt,1
2009-05-16,mac,1
2009-05-16,mumbai,1
2009-05-16,music,1
2009-05-16,nascar,1
2009-05-16,nascar_realtime,1
2009-05-16,nascarracingfan,1
2009-05-16,nascarsays,1
2009-05-16,nktob,1
2009-05-16,peoplebrowsr,1
2009-05-16,racingdigest,1
2009-05-16,redeye,1
2009-05-16,s,1
2009-05-16,snl,1
2009-05-16,stones,1
2009-05-16,tennis,1
2009-05-16,tweetdeck,1
2009-05-16,vancouver,1
2009-05-16,vista,1
2009-05-16,wayman,1
2009-05-16,windows7,1
2009-05-16,wishfulthinking,1
2009-05-16,yyc,1
2009-05-17,3turnoffwords,22
2009-05-17,fb,15
2009-05-17,shortstack,15
2009-05-17,eurovision,10
2009-05-17,delongeday,6
2009-05-17,ipl,6
2009-05-17,familyforce5,5
2009-05-17,mcfly,5
2009-05-17,fail,4
2009-05-17,indiavotes,3
2009-05-17,musicmonday,3
2009-05-17,20,2
2009-05-17,3hotwords,2
2009-05-17,a11y,2
2009-05-17,doctorwho,2
2009-05-17,earthquake,2
2009-05-17,election,2
2009-05-17,ff,2
2009-05-17,fml,2
2009-05-17,gcdh,2
2009-05-17,gonzpiration,2
2009-05-17,h1n1,2
2009-05-17,india,2
2009-05-17,indiavotes09,2
2009-05-17,iphone,2
2009-05-17,lofnotc,2
2009-05-17,lost,2
2009-05-17,noundiessunday,2
2009-05-17,pogo,2
2009-05-17,redwings,2
2009-05-17,simpleplan,2
2009-05-17,snl,2
2009-05-17,swine_flu,2
2009-05-17,tag,2
2009-05-17,thegreendeath,2
2009-05-17,tscc,2
2009-05-17,wossybookclub,2
2009-05-17,zenjar,2
2009-05-17,1,1
2009-05-17,24,1
2009-05-17,25,1
2009-05-17,28fresh,1
2009-05-17,9,1
2009-05-17,apple,1
2009-05-17,aussieloser,1
2009-05-17,badchoice,1
2009-05-17,barbie,1
2009-05-17,bioshock,1
2009-05-17,bookblockade,1
2009-05-17,bookmooch,1
2009-05-17,boulder,1
2009-05-17,brasil,1
2009-05-17,bumpday,1
2009-05-17,cannes,1
2009-05-17,cannondale,1
2009-05-17,cars,1
2009-05-17,casara,1
2009-05-17,chatfail,1
2009-05-17,ckall,1
2009-05-17,cked,1
2009-05-17,climb,1
2009-05-17,cloudfail,1
2009-05-17,continuitysummit,1
2009-05-17,cricket,1
2009-05-17,croatia,1
2009-05-17,deccanchargers,1
2009-05-17,dogsitterfail,1
2009-05-17,dracula,1
2009-05-17,dtm,1
2009-05-17,ed,1
2009-05-17,edtweetup,1
2009-05-17,ershell,1
2009-05-17,examen09,1
2009-05-17,familyhistory,1
2009-05-17,fiestamovement,1
2009-05-17,followfriday,1
2009-05-17,followweek,1
2009-05-17,football3s,1
2009-05-17,fringe,1
2009-05-17,fringefailure,1
2009-05-17,geek,1
2009-05-17,gfree,1
2009-05-17,gilmoregirlssunday,1
2009-05-17,gnucash,1
2009-05-17,gojaysgo,1
2009-05-17,greenday,1
2009-05-17,greys_anatomy,1
2009-05-17,hass,1
2009-05-17,hawthorn,1
2009-05-17,hopkins,1
2009-05-17,hurling,1
2009-05-17,i18n,1
2009-05-17,iamsograceful,1
2009-05-17,iccw,1
2009-05-17,ilp,1
2009-05-17,indy500,1
2009-05-17,invisalign,1
2009-05-17,it,1
2009-05-17,itvfail,1
2009-05-17,iwwitation,1
2009-05-17,jaws10,1
2009-05-17,joomla,1
2009-05-17,kirkmccoy,1
2009-05-17,lacrosse,1
2009-05-17,layoff,1
2009-05-17,limeisback,1
2009-05-17,london2009,1
2009-05-17,mac,1
2009-05-17,manure,1
2009-05-17,marriedlife,1
2009-05-17,may24,1
2009-05-17,monday,1
2009-05-17,motogp,1
2009-05-17,mugglesspace,1
2009-05-17,nom,1
2009-05-17,norway,1
2009-05-17,notreally,1
2009-05-17,ntw09,1
2009-05-17,otafest,1
2009-05-17,oth,1
2009-05-17,padrestweetup,1
2009-05-17,pha09,1
2009-05-17,photog,1
2009-05-17,posthunt,1
2009-05-17,posthunt09,1
2009-05-17,primal,1
2009-05-17,prisonbreak,1
2009-05-17,ps3,1
2009-05-17,qicsa,1
2009-05-17,racialprofiling,1
2009-05-17,rccar,1
2009-05-17,robinson,1
2009-05-17,rozsavage,1
2009-05-17,rugbyleague,1
2009-05-17,run,1
2009-05-17,sadness,1
2009-05-17,safari,1
2009-05-17,savechuck,1
2009-05-17,saytam,1
2009-05-17,screw,1
2009-05-17,scrubs,1
2009-05-17,semperfidelis,1
2009-05-17,sfa,1
2009-05-17,sftw,1
2009-05-17,sga,1
2009-05-17,sharepoint,1
2009-05-17,shitstack,1
2009-05-17,singleminded,1
2009-05-17,srilanka,1
2009-05-17,startrek,1
2009-05-17,sulax,1
2009-05-17,sunday,1
2009-05-17,superbowl,1
2009-05-17,svpt,1
2009-05-17,tdc,1
2009-05-17,tdcag,1
2009-05-17,teched,1
2009-05-17,truecrypt,1
2009-05-17,tweetdeck,1
2009-05-17,tweetie,1
2009-05-17,tweetup,1
2009-05-17,twitter,1
2009-05-17,twitterangst,1
2009-05-17,twitterfail,1
2009-05-17,twitterfon,1
2009-05-17,twtvite,1
2009-05-17,twumpet,1
2009-05-17,typenerd,1
2009-05-17,ubuntu,1
2009-05-17,vancouver,1
2009-05-17,virginia,1
2009-05-17,wang,1
2009-05-17,weshouldfindout,1
2009-05-17,wii,1
2009-05-17,windows7,1
2009-05-17,wolframalpha,1
2009-05-17,wordpress,1
2009-05-17,wossysbookclub,1
2009-05-17,writechat,1
2009-05-17,wtcc,1
2009-05-17,yankees,1
2009-05-17,yayman,1
2009-05-17,z0s09,1
2009-05-18,fail,12
2009-05-18,fb,12
2009-05-18,musicmonday,6
2009-05-18,1,5
2009-05-18,3turnoffwords,5
2009-05-18,tscc,5
2009-05-18,fixreplies,4
2009-05-18,2,3
2009-05-18,forourhero,3
2009-05-18,fotb,3
2009-05-18,gnw,3
2009-05-18,gr8conf,3
2009-05-18,iphone,3
2009-05-18,lost,3
2009-05-18,smx,3
2009-05-18,terminator,3
2009-05-18,web2,3
2009-05-18,adium,2
2009-05-18,bristol,2
2009-05-18,futuresummit,2
2009-05-18,gmail,2
2009-05-18,or09,2
2009-05-18,savechuck,2
2009-05-18,tek09,2
2009-05-18,thingsihate,2
2009-05-18,twitter,2
2009-05-18,weather,2
2009-05-18,webcamp,2
2009-05-18,wolframalpha,2
2009-05-18,10,1
2009-05-18,107,1
2009-05-18,12,1
2009-05-18,3hotwords,1
2009-05-18,4networking,1
2009-05-18,a,1
2009-05-18,airberlin,1
2009-05-18,allblackent,1
2009-05-18,alltimelowsuckmorecockthanawellpaidwhore,1
2009-05-18,ams,1
2009-05-18,android,1
2009-05-18,arashi,1
2009-05-18,babysongsongisallilknownow,1
2009-05-18,barcamp,1
2009-05-18,bashmash,1
2009-05-18,bentobox,1
2009-05-18,block,1
2009-05-18,bluescreen,1
2009-05-18,bruins,1
2009-05-18,bushfires,1
2009-05-18,cakephp,1
2009-05-18,cannes,1
2009-05-18,celtics,1
2009-05-18,cfobjective,1
2009-05-18,chamlunch,1
2009-05-18,charitytuesday,1
2009-05-18,chicago,1
2009-05-18,chuck,1
2009-05-18,cobol,1
2009-05-18,coconutgrove,1
2009-05-18,codewar,1
2009-05-18,comicreliefparty,1
2009-05-18,confessions,1
2009-05-18,corporate,1
2009-05-18,countryfile,1
2009-05-18,crb,1
2009-05-18,currentcost,1
2009-05-18,digg,1
2009-05-18,drobo,1
2009-05-18,dropbox,1
2009-05-18,eelam,1
2009-05-18,emcworld,1
2009-05-18,emetrics,1
2009-05-18,eurovision,1
2009-05-18,expenses,1
2009-05-18,fails,1
2009-05-18,familyforce5,1
2009-05-18,famouslovelies,1
2009-05-18,feelingsorryformyself,1
2009-05-18,fellowes,1
2009-05-18,firebird,1
2009-05-18,firefox,1
2009-05-18,flashcamp_uk,1
2009-05-18,flashpoint,1
2009-05-18,flylady,1
2009-05-18,freegbazz,1
2009-05-18,gfail,1
2009-05-18,gfymonday,1
2009-05-18,giro,1
2009-05-18,goa,1
2009-05-18,goldenopportunitymissed,1
2009-05-18,golwg360,1
2009-05-18,hatemonday,1
2009-05-18,heartballoon,1
2009-05-18,iabnet,1
2009-05-18,indy,1
2009-05-18,indycar,1
2009-05-18,interop,1
2009-05-18,irc,1
2009-05-18,irish,1
2009-05-18,jtv,1
2009-05-18,justsayin,1
2009-05-18,leopard,1
2009-05-18,lostarg,1
2009-05-18,m4,1
2009-05-18,magic,1
2009-05-18,makehistori,1
2009-05-18,mayhemcrew,1
2009-05-18,media140,1
2009-05-18,mfzarmonday,1
2009-05-18,microsoftfail,1
2009-05-18,moanmonday,1
2009-05-18,moanmondays,1
2009-05-18,monday,1
2009-05-18,music,1
2009-05-18,mysql,1
2009-05-18,nabaztag,1
2009-05-18,nambu,1
2009-05-18,nascar,1
2009-05-18,news,1
2009-05-18,nrtoone,1
2009-05-18,odd,1
2009-05-18,of,1
2009-05-18,ohiois4thrillaz,1
2009-05-18,one,1
2009-05-18,onthebus,1
2009-05-18,optuswirelessbroadband,1
2009-05-18,oth,1
2009-05-18,photofollows,1
2009-05-18,prabhakaran,1
2009-05-18,psychunitentertainment,1
2009-05-18,rails,1
2009-05-18,rain,1
2009-05-18,rikatuesday,1
2009-05-18,rozsavage,1
2009-05-18,s,1
2009-05-18,sad,1
2009-05-18,santabarbara,1
2009-05-18,sap,1
2009-05-18,savefoodday,1
2009-05-18,sawman,1
2009-05-18,schooltime,1
2009-05-18,seanp101,1
2009-05-18,secretmission,1
2009-05-18,ses,1
2009-05-18,sharepoint,1
2009-05-18,shitstack,1
2009-05-18,shortstack,1
2009-05-18,skp,1
2009-05-18,slave,1
2009-05-18,smxlondon,1
2009-05-18,songstuckinmyheadwheniwokeup,1
2009-05-18,spendy,1
2009-05-18,spoonie,1
2009-05-18,spoonies,1
2009-05-18,srilanka,1
2009-05-18,startrek,1
2009-05-18,stillsmokefree,1
2009-05-18,stuckonthemotorwayforoveranhourandahalf,1
2009-05-18,sugarsync,1
2009-05-18,supernatural,1
2009-05-18,synology,1
2009-05-18,tamil,1
2009-05-18,tbarcamp,1
2009-05-18,tech,1
2009-05-18,terminator4,1
2009-05-18,theme,1
2009-05-18,thingsilove,1
2009-05-18,togs,1
2009-05-18,topspin,1
2009-05-18,traffic,1
2009-05-18,training,1
2009-05-18,tsa,1
2009-05-18,tv,1
2009-05-18,twitarrr,1
2009-05-18,twittarrr,1
2009-05-18,twitterfon,1
2009-05-18,twtvite,1
2009-05-18,uk,1
2009-05-18,unfollow,1
2009-05-18,uptonogood,1
2009-05-18,vs2010,1
2009-05-18,weather_me,1
2009-05-18,weight,1
2009-05-18,where20,1
2009-05-18,wherecamp,1
2009-05-18,whocangetit,1
2009-05-18,widgets,1
2009-05-18,wii,1
2009-05-18,win7,1
2009-05-18,wlan,1
2009-05-18,wossybookclub,1
2009-05-18,xbox360,1
2009-05-18,xxxx,1
2009-05-18,youtube,1
2009-05-18,zenjar,1
2009-05-18,zrh,1
2009-05-21,leinster,2
2009-05-21,rugby,2
2009-05-21,bnetraffic,1
2009-05-21,fb,1
2009-05-21,iplonair,1
2009-05-21,muftyfail,1
2009-05-21,revision3,1
2009-05-21,saveearl,1
2009-05-21,sbdrinks,1
2009-05-21,sonysucks,1
2009-05-21,without,1
2009-05-22,bradiewebb,38
2009-05-22,followfriday,27
2009-05-22,fb,26
2009-05-22,saveearl,18
2009-05-22,andyclemmensen,12
2009-05-22,ff,12
2009-05-22,votemcfly,8
2009-05-22,firstrecord,7
2009-05-22,2,4
2009-05-22,shaundiviney,4
2009-05-22,fail,3
2009-05-22,iphone,3
2009-05-22,simeonhobbes,3
2009-05-22,8,2
2009-05-22,awp,2
2009-05-22,cancer,2
2009-05-22,coffeeclub,2
2009-05-22,dumball,2
2009-05-22,facialhairfriday,2
2009-05-22,fowa,2
2009-05-22,giro,2
2009-05-22,googlechrome,2
2009-05-22,graze,2
2009-05-22,gws7,2
2009-05-22,halili,2
2009-05-22,hemel,2
2009-05-22,jaljeera,2
2009-05-22,kho,2
2009-05-22,natalie,2
2009-05-22,nevergonnamounttanuthin,2
2009-05-22,twitter,2
2009-05-22,v2powercut,2
2009-05-22,vadapav,2
2009-05-22,vfth,2
2009-05-22,1,1
2009-05-22,11,1
2009-05-22,20,1
2009-05-22,298934,1
2009-05-22,613,1
2009-05-22,adamlambert,1
2009-05-22,adobe,1
2009-05-22,amped180,1
2009-05-22,android,1
2009-05-22,andyclemensen,1
2009-05-22,annalowmanisamassiveloser,1
2009-05-22,antipatterns,1
2009-05-22,asc,1
2009-05-22,asot,1
2009-05-22,audi,1
2009-05-22,auremix,1
2009-05-22,ax,1
2009-05-22,barcelona,1
2009-05-22,blackberry,1
2009-05-22,blutritt,1
2009-05-22,bluttritt,1
2009-05-22,bogus,1
2009-05-22,borderliner,1
2009-05-22,boyinthestripedpyjamas,1
2009-05-22,bpark,1
2009-05-22,bradiewebbstack,1
2009-05-22,bringbacklife,1
2009-05-22,buildyourbrand,1
2009-05-22,bupa10k,1
2009-05-22,c,1
2009-05-22,childofthe80s,1
2009-05-22,chiropractic,1
2009-05-22,cilip,1
2009-05-22,cobrahcam,1
2009-05-22,coktup,1
2009-05-22,cowfriday,1
2009-05-22,cramps,1
2009-05-22,cupcake,1
2009-05-22,dayquil,1
2009-05-22,dcth,1
2009-05-22,deathsponge,1
2009-05-22,demf,1
2009-05-22,dnk,1
2009-05-22,download2009,1
2009-05-22,dream,1
2009-05-22,drwho,1
2009-05-22,dsi,1
2009-05-22,dunkindonuts,1
2009-05-22,dynamics,1
2009-05-22,easactive,1
2009-05-22,ebethchallenge,1
2009-05-22,edtech09,1
2009-05-22,ee,1
2009-05-22,elections,1
2009-05-22,f1gp,1
2009-05-22,fails,1
2009-05-22,fff,1
2009-05-22,firebox,1
2009-05-22,firefox,1
2009-05-22,fisix,1
2009-05-22,flingoutfriday,1
2009-05-22,flyfishing,1
2009-05-22,follow,1
2009-05-22,followart,1
2009-05-22,fordaisy,1
2009-05-22,forecastfriday,1
2009-05-22,fridayfollow,1
2009-05-22,fringe,1
2009-05-22,fuckyoufridays,1
2009-05-22,g1,1
2009-05-22,ga2009,1
2009-05-22,georgemichael,1
2009-05-22,gmail,1
2009-05-22,google,1
2009-05-22,hosteurope,1
2009-05-22,iatan,1
2009-05-22,ica09,1
2009-05-22,ifast,1
2009-05-22,ilovemovies,1
2009-05-22,imightbethereincarnationofstalin,1
2009-05-22,imjustsayin,1
2009-05-22,interop,1
2009-05-22,iphonedev,1
2009-05-22,ipl,1
2009-05-22,is,1
2009-05-22,italy,1
2009-05-22,itsc09,1
2009-05-22,jamiestwitchen,1
2009-05-22,jazz,1
2009-05-22,jquery,1
2009-05-22,k,1
2009-05-22,kidsmin,1
2009-05-22,kwod,1
2009-05-22,kyds,1
2009-05-22,labels,1
2009-05-22,laftw,1
2009-05-22,lakers,1
2009-05-22,largepussy,1
2009-05-22,last,1
2009-05-22,leedsunited,1
2009-05-22,legendoftheseeker,1
2009-05-22,letdown,1
2009-05-22,letmego,1
2009-05-22,letwellshavespotifybackonhercomputer,1
2009-05-22,lightboxes,1
2009-05-22,lightroom,1
2009-05-22,lofnotc,1
2009-05-22,lunch,1
2009-05-22,mashlib09,1
2009-05-22,maternalhealth,1
2009-05-22,mcflytoaustralia,1
2009-05-22,metameets,1
2009-05-22,mostboringtweets,1
2009-05-22,mustory,1
2009-05-22,mypenis,1
2009-05-22,nba,1
2009-05-22,newalbum,1
2009-05-22,ninjatweet,1
2009-05-22,nintendo,1
2009-05-22,nmd,1
2009-05-22,noagenda,1
2009-05-22,notatleaky,1
2009-05-22,nss,1
2009-05-22,oew0509,1
2009-05-22,orkut,1
2009-05-22,perltweet,1
2009-05-22,platformbiased,1
2009-05-22,postdigital,1
2009-05-22,pune,1
2009-05-22,ravelry,1
2009-05-22,rg09,1
2009-05-22,rtm,1
2009-05-22,s,1
2009-05-22,sadrakeshaker09,1
2009-05-22,savearl,1
2009-05-22,scenes,1
2009-05-22,secondrecord,1
2009-05-22,sewing,1
2009-05-22,sf4,1
2009-05-22,shortstack,1
2009-05-22,sickfriday,1
2009-05-22,sigint,1
2009-05-22,singhbca,1
2009-05-22,sleep,1
2009-05-22,socialmedia,1
2009-05-22,spotify,1
2009-05-22,starbucks,1
2009-05-22,steve,1
2009-05-22,stltwitter,1
2009-05-22,storm,1
2009-05-22,subway,1
2009-05-22,sunshine,1
2009-05-22,surf,1
2009-05-22,surface,1
2009-05-22,swineflu,1
2009-05-22,talkingheads,1
2009-05-22,tedxtokyo,1
2009-05-22,tek09,1
2009-05-22,thebrick,1
2009-05-22,thx,1
2009-05-22,tuwien,1
2009-05-22,twares,1
2009-05-22,tweetcoding,1
2009-05-22,tweetdeck,1
2009-05-22,twelve,1
2009-05-22,twhirl,1
2009-05-22,twiparty,1
2009-05-22,ubuntu,1
2009-05-22,unfollowfriday,1
2009-05-22,unnecessary_shit,1
2009-05-22,uollts,1
2009-05-22,virginmedia,1
2009-05-22,volkswagen,1
2009-05-22,vs10,1
2009-05-22,vs2010,1
2009-05-22,vtfh,1
2009-05-22,watchguard,1
2009-05-22,wdw,1
2009-05-22,webdu,1
2009-05-22,webinale,1
2009-05-22,websitefail,1
2009-05-22,wip,1
2009-05-22,wishiwasinla,1
2009-05-22,wossybookclub,1
2009-05-22,wtf,1
2009-05-22,yam,1
2009-05-22,yeg,1
2009-05-22,zenjar,1
2009-05-22,zf,1
2009-05-25,fb,1
2009-05-26,unfollowdiddy,10
2009-05-26,rejectprop8,7
2009-05-26,stargirlinspace,7
2009-05-26,3wordsaftersex,4
2009-05-26,3stalkerwords,3
2009-05-26,gno,2
2009-05-26,jonaslive,2
2009-05-26,lahore,2
2009-05-26,nba,2
2009-05-26,140tc,1
2009-05-26,6,1
2009-05-26,amsterdam,1
2009-05-26,business,1
2009-05-26,canes,1
2009-05-26,cavs,1
2009-05-26,deadliestcatch,1
2009-05-26,decemberists,1
2009-05-26,deephouse,1
2009-05-26,ds9,1
2009-05-26,electrohouse,1
2009-05-26,elementsc,1
2009-05-26,eric,1
2009-05-26,eve,1
2009-05-26,fail,1
2009-05-26,fb,1
2009-05-26,fiestamovement,1
2009-05-26,fml,1
2009-05-26,greenday,1
2009-05-26,ialreadysoldmysoultoplantsvszombies,1
2009-05-26,iloseweight,1
2009-05-26,lakers,1
2009-05-26,leafs,1
2009-05-26,marketing,1
2009-05-26,mileybrazil,1
2009-05-26,nuggets,1
2009-05-26,pinoy,1
2009-05-26,rangers,1
2009-05-26,sackofdicks,1
2009-05-26,shuabq,1
2009-05-26,starwars,1
2009-05-26,tf2,1
2009-05-26,trafficza,1
2009-05-26,trueblood,1
2009-05-26,unfollow,1
2009-05-26,whatcotyisnotdoing,1
2009-05-26,woofwednesday,1
2009-05-26,woozywednesday,1
2009-05-26,yankees,1
2009-05-26,zenjar,1
2009-05-27,hungee,2
2009-05-27,3wordsaftersex,1
2009-05-27,bzw,1
2009-05-27,chrysler,1
2009-05-27,clancy,1
2009-05-27,dalebrown,1
2009-05-27,ferrari,1
2009-05-27,mw2,1
2009-05-28,fb,7
2009-05-28,2,6
2009-05-28,3wordsaftersex,4
2009-05-28,jonaswebcast,3
2009-05-28,thingsmummysaid,3
2009-05-28,3breakupwords,2
2009-05-28,iphone,2
2009-05-28,liesgirlstell,2
2009-05-28,optus,2
2009-05-28,sytycd,2
2009-05-28,1,1
2009-05-28,14563,1
2009-05-28,2wkfilm,1
2009-05-28,5,1
2009-05-28,a11y,1
2009-05-28,beer,1
2009-05-28,betterdays,1
2009-05-28,bookblockade,1
2009-05-28,brother,1
2009-05-28,btrendie,1
2009-05-28,cbd,1
2009-05-28,climberpickup,1
2009-05-28,cmon,1
2009-05-28,cycling,1
2009-05-28,democamp,1
2009-05-28,dongle,1
2009-05-28,dontlietomecuzicanttakeit,1
2009-05-28,drupal,1
2009-05-28,everton,1
2009-05-28,f,1
2009-05-28,farpoll,1
2009-05-28,ff,1
2009-05-28,friday,1
2009-05-28,goodnight,1
2009-05-28,hair,1
2009-05-28,hulu,1
2009-05-28,iheartsyouharderlikewhoa,1
2009-05-28,illness,1
2009-05-28,imadeprivedchild,1
2009-05-28,imdeprivedtonightandidontlikeit,1
2009-05-28,imissyourfacewhenyouregone,1
2009-05-28,istherecessionoveryet,1
2009-05-28,itotallymissedyourface,1
2009-05-28,linux,1
2009-05-28,lupus,1
2009-05-28,lvima,1
2009-05-28,melbourne,1
2009-05-28,mini,1
2009-05-28,miracle,1
2009-05-28,movie,1
2009-05-28,mtub,1
2009-05-28,natm2,1
2009-05-28,nba,1
2009-05-28,psp,1
2009-05-28,riesling,1
2009-05-28,river2river,1
2009-05-28,s,1
2009-05-28,savemefromhell,1
2009-05-28,sixx,1
2009-05-28,smcchicago,1
2009-05-28,tangothursdays,1
2009-05-28,terminator,1
2009-05-28,terminator3,1
2009-05-28,topicmaps,1
2009-05-28,tweetie,1
2009-05-28,twitter,1
2009-05-28,twitterremix,1
2009-05-28,ubuntu,1
2009-05-28,uds,1
2009-05-28,walmart,1
2009-05-28,yahoo,1
2009-05-28,zenjar,1
2009-05-29,fb,34
2009-05-29,bgt,28
2009-05-29,followfriday,23
2009-05-29,myweakness,21
2009-05-29,ff,18
2009-05-29,twpp,18
2009-05-29,fail,14
2009-05-29,2,10
2009-05-29,beatwittyparty,10
2009-05-29,1,8
2009-05-29,lofnotc,8
2009-05-29,spymaster,7
2009-05-29,3wordsaftersex,6
2009-05-29,asylm,6
2009-05-29,gqmf,6
2009-05-29,sarmy,6
2009-05-29,30secondstomars,5
2009-05-29,bea09,5
2009-05-29,geekcamp,5
2009-05-29,tcot,5
2009-05-29,thegreenteen,5
2009-05-29,fieldnotes,4
2009-05-29,liesboystell,4
2009-05-29,thingsmummysaid,4
2009-05-29,beatweetup,3
2009-05-29,facebook,3
2009-05-29,frustraded,3
2009-05-29,itsucks,3
2009-05-29,jayleno,3
2009-05-29,kitchenfire,3
2009-05-29,redsox,3
2009-05-29,rip,3
2009-05-29,vegas,3
2009-05-29,wish27,3
2009-05-29,zenjar,3
2009-05-29,3,2
2009-05-29,badmicrosoft,2
2009-05-29,bea,2
2009-05-29,boy,2
2009-05-29,caca,2
2009-05-29,comet09,2
2009-05-29,eric,2
2009-05-29,evernote_eyefi,2
2009-05-29,fixreplies,2
2009-05-29,flashcamp,2
2009-05-29,hhrs,2
2009-05-29,iphone,2
2009-05-29,java,2
2009-05-29,jonasnewsongs,2
2009-05-29,jonaswebcast,2
2009-05-29,magic,2
2009-05-29,migraine,2
2009-05-29,nightshift,2
2009-05-29,nofakery,2
2009-05-29,primavera,2
2009-05-29,redmango,2
2009-05-29,rx8,2
2009-05-29,sad,2
2009-05-29,sccr18,2
2009-05-29,shadez,2
2009-05-29,socialmediatv,2
2009-05-29,startrek,2
2009-05-29,tpt,2
2009-05-29,unfollowdiddy,2
2009-05-29,vancouver,2
2009-05-29,yeg,2
2009-05-29,100,1
2009-05-29,123,1
2009-05-29,140charfail,1
2009-05-29,140tc,1
2009-05-29,23,1
2009-05-29,24hourpizzahutplox,1
2009-05-29,26manroster,1
2009-05-29,2923848932,1
2009-05-29,3aaah,1
2009-05-29,3breakupwords,1
2009-05-29,5,1
2009-05-29,6,1
2009-05-29,6492,1
2009-05-29,abortion,1
2009-05-29,abortionismurder,1
2009-05-29,adlounge,1
2009-05-29,agile,1
2009-05-29,ajax,1
2009-05-29,amblyopia,1
2009-05-29,amcmain,1
2009-05-29,android,1
2009-05-29,annauniv,1
2009-05-29,antiboyle,1
2009-05-29,apple,1
2009-05-29,aptw,1
2009-05-29,areallygoodejob,1
2009-05-29,asd,1
2009-05-29,asylum,1
2009-05-29,atltweet,1
2009-05-29,autism,1
2009-05-29,badoptus,1
2009-05-29,baseball,1
2009-05-29,bash,1
2009-05-29,battleground,1
2009-05-29,bcit,1
2009-05-29,beerfriday,1
2009-05-29,beta1,1
2009-05-29,bigfanfriday,1
2009-05-29,biketo,1
2009-05-29,boobadlosers,1
2009-05-29,boredboots,1
2009-05-29,bowman,1
2009-05-29,brandwkshop,1
2009-05-29,britainsgottalent,1
2009-05-29,bsnl,1
2009-05-29,bush,1
2009-05-29,campjitterbug,1
2009-05-29,canada,1
2009-05-29,cat,1
2009-05-29,catlaughs,1
2009-05-29,ccnet,1
2009-05-29,chicago,1
2009-05-29,chrome,1
2009-05-29,classy,1
2009-05-29,clinton,1
2009-05-29,closure,1
2009-05-29,coffeclub,1
2009-05-29,coffeeclub,1
2009-05-29,colorado,1
2009-05-29,cookoutofthecentury,1
2009-05-29,costsavings,1
2009-05-29,d,1
2009-05-29,davidarchuleta,1
2009-05-29,dayofservice,1
2009-05-29,ddth,1
2009-05-29,deathwhale,1
2009-05-29,depechemode,1
2009-05-29,diggnation,1
2009-05-29,drupal,1
2009-05-29,dsaa09,1
2009-05-29,dumbfriendthatzme,1
2009-05-29,early,1
2009-05-29,easactive,1
2009-05-29,endometriosis,1
2009-05-29,english,1
2009-05-29,eq2,1
2009-05-29,erlang,1
2009-05-29,evernote,1
2009-05-29,exam,1
2009-05-29,eyes,1
2009-05-29,failfriday,1
2009-05-29,fanimecon,1
2009-05-29,fartingloud,1
2009-05-29,favoriteicecream,1
2009-05-29,favoritemovie,1
2009-05-29,feastfriday,1
2009-05-29,ferber,1
2009-05-29,fibromyalgia,1
2009-05-29,fireworks,1
2009-05-29,flash,1
2009-05-29,flaxandfiberfriday,1
2009-05-29,flyertalk,1
2009-05-29,flyinghussies,1
2009-05-29,flyinglushes,1
2009-05-29,flylady,1
2009-05-29,fnwc,1
2009-05-29,follow,1
2009-05-29,followfridays,1
2009-05-29,followillfriday,1
2009-05-29,follwillfriday,1
2009-05-29,football,1
2009-05-29,freakyfriday,1
2009-05-29,freeagentapp,1
2009-05-29,frehleyfriday,1
2009-05-29,fridayfirehazzard,1
2009-05-29,friendfail,1
2009-05-29,frinightfever,1
2009-05-29,fullmooncrazy,1
2009-05-29,funtweets,1
2009-05-29,g4c09,1
2009-05-29,gasol,1
2009-05-29,geeksonaplane,1
2009-05-29,geocache,1
2009-05-29,geocaching,1
2009-05-29,gfail,1
2009-05-29,girlcrush,1
2009-05-29,globalwarming,1
2009-05-29,gm,1
2009-05-29,gmail,1
2009-05-29,golf,1
2009-05-29,googledocs,1
2009-05-29,grammarnazi,1
2009-05-29,grandrapids,1
2009-05-29,gravity,1
2009-05-29,haiku,1
2009-05-29,harrymcflytosing,1
2009-05-29,hashtags,1
2009-05-29,hcb,1
2009-05-29,health,1
2009-05-29,heartbreak,1
2009-05-29,heineken,1
2009-05-29,hollyoaks,1
2009-05-29,homebirth,1
2009-05-29,homeless,1
2009-05-29,hotasspact2009,1
2009-05-29,humpthestump,1
2009-05-29,hunchback,1
2009-05-29,hurryup,1
2009-05-29,ia2009,1
2009-05-29,ibody,1
2009-05-29,ictev09,1
2009-05-29,idkill4,1
2009-05-29,idmfinal,1
2009-05-29,idprelief,1
2009-05-29,ie7,1
2009-05-29,imissedyou,1
2009-05-29,ims09,1
2009-05-29,insanedefaults,1
2009-05-29,iphonedev,1
2009-05-29,itouch,1
2009-05-29,iusedtobescaredof,1
2009-05-29,ivealwayswantedtosay,1
2009-05-29,javaone,1
2009-05-29,jealous,1
2009-05-29,joomla,1
2009-05-29,jrztwitterlunch,1
2009-05-29,jtv,1
2009-05-29,justcause,1
2009-05-29,karlsruhe,1
2009-05-29,kde,1
2009-05-29,kettlebells,1
2009-05-29,laker,1
2009-05-29,lazyeye,1
2009-05-29,lenoleaves,1
2009-05-29,liesgirlstell,1
2009-05-29,liloven,1
2009-05-29,linux,1
2009-05-29,livescribe,1
2009-05-29,lm,1
2009-05-29,luto,1
2009-05-29,makerfaire,1
2009-05-29,manics,1
2009-05-29,mazda,1
2009-05-29,melo,1
2009-05-29,meltingaway,1
2009-05-29,metal,1
2009-05-29,metaverseu,1
2009-05-29,mets,1
2009-05-29,mf09,1
2009-05-29,migraines,1
2009-05-29,millsthemusical,1
2009-05-29,mishaneedschapstick,1
2009-05-29,misshimalready,1
2009-05-29,mmot,1
2009-05-29,montezuma,1
2009-05-29,morrissey,1
2009-05-29,mountainjam,1
2009-05-29,moustachefail,1
2009-05-29,mozconcept,1
2009-05-29,mypowerbookg4rip,1
2009-05-29,myweawkness,1
2009-05-29,nats,1
2009-05-29,nbc,1
2009-05-29,nhl,1
2009-05-29,nobitchassnessfriday,1
2009-05-29,noctweetup,1
2009-05-29,nontweetinggirlfriend,1
2009-05-29,notetogod,1
2009-05-29,obs,1
2009-05-29,ohnoyoudidnt,1
2009-05-29,omgimpatient,1
2009-05-29,optus,1
2009-05-29,oxteach,1
2009-05-29,pakistan,1
2009-05-29,palmpre,1
2009-05-29,parker,1
2009-05-29,penilewords,1
2009-05-29,pens,1
2009-05-29,perth,1
2009-05-29,photography,1
2009-05-29,php,1
2009-05-29,phpvikinger,1
2009-05-29,pnlc,1
2009-05-29,polaroid,1
2009-05-29,ppt,1
2009-05-29,prism,1
2009-05-29,pro,1
2009-05-29,pta,1
2009-05-29,pughug,1
2009-05-29,pughugs,1
2009-05-29,punch,1
2009-05-29,quitsmokingdiary,1
2009-05-29,r2imt,1
2009-05-29,randomfact,1
2009-05-29,rda2009cla,1
2009-05-29,realitycheck,1
2009-05-29,red,1
2009-05-29,reds,1
2009-05-29,revision,1
2009-05-29,right,1
2009-05-29,rightturn,1
2009-05-29,rrtheatre,1
2009-05-29,rstats,1
2009-05-29,s1e8,1
2009-05-29,sadpanda,1
2009-05-29,sadsville,1
2009-05-29,sapinsidetrack,1
2009-05-29,sarcasm,1
2009-05-29,screengrab09,1
2009-05-29,sctest,1
2009-05-29,secondlife,1
2009-05-29,sf4,1
2009-05-29,sga,1
2009-05-29,shortcakefail,1
2009-05-29,sixx,1
2009-05-29,sleepdeprived,1
2009-05-29,sotomayor,1
2009-05-29,ssmtup,1
2009-05-29,starbucks,1
2009-05-29,startup2startup,1
2009-05-29,steviewonder,1
2009-05-29,strategicclock,1
2009-05-29,stupidworksuxes,1
2009-05-29,sustainability,1
2009-05-29,swans,1
2009-05-29,swineflu,1
2009-05-29,t,1
2009-05-29,terriblekittymom,1
2009-05-29,thebeat,1
2009-05-29,thedailyshow,1
2009-05-29,theofficenbc,1
2009-05-29,thetonightshow,1
2009-05-29,throwback,1
2009-05-29,tits,1
2009-05-29,tonightshow,1
2009-05-29,tori,1
2009-05-29,truestatement,1
2009-05-29,tryingnottobeastalker,1
2009-05-29,tv_addict,1
2009-05-29,twat,1
2009-05-29,twedding,1
2009-05-29,tweetb4ueat,1
2009-05-29,tweetie,1
2009-05-29,twist,1
2009-05-29,twitterfails,1
2009-05-29,twrf,1
2009-05-29,twtvite,1
2009-05-29,ukpubs,1
2009-05-29,unfollowfakerparis,1
2009-05-29,up,1
2009-05-29,upssucks,1
2009-05-29,virtualkiss,1
2009-05-29,visialvoicemail,1
2009-05-29,want2b,1
2009-05-29,warisfucked,1
2009-05-29,wave,1
2009-05-29,wcm,1
2009-05-29,weathermenrneverright,1
2009-05-29,webdu,1
2009-05-29,whatshappening,1
2009-05-29,whuffaoke,1
2009-05-29,whyareyoustillhere,1
2009-05-29,wieters,1
2009-05-29,win7,1
2009-05-29,windows,1
2009-05-29,windows7,1
2009-05-29,wntw,1
2009-05-29,wordathon,1
2009-05-29,wow,1
2009-05-29,wset,1
2009-05-29,wvfn,1
2009-05-29,xboxe3,1
2009-05-29,yayschoolisout,1
2009-05-29,yegtransit,1
2009-05-29,zappnlaunch,1
2009-05-30,marsiscoming,40
2009-05-30,myweakness,27
2009-05-30,asylm,15
2009-05-30,fb,14
2009-05-30,lions,7
2009-05-30,followfriday,5
2009-05-30,facup,4
2009-05-30,1,3
2009-05-30,bcleeds09,3
2009-05-30,fail,3
2009-05-30,ff,3
2009-05-30,stuffwotimadeup,3
2009-05-30,twpp,3
2009-05-30,2,2
2009-05-30,geekcamp,2
2009-05-30,itsucks,2
2009-05-30,pp09,2
2009-05-30,redeye,2
2009-05-30,spymaster,2
2009-05-30,stargirlinspace,2
2009-05-30,steam,2
2009-05-30,vocampdc,2
2009-05-30,11stedentocht,1
2009-05-30,22,1
2009-05-30,28,1
2009-05-30,30secondstomars,1
2009-05-30,5d,1
2009-05-30,absolutionrising,1
2009-05-30,alltimelow,1
2009-05-30,android,1
2009-05-30,aslyum,1
2009-05-30,badtiming,1
2009-05-30,balticon,1
2009-05-30,bangalore,1
2009-05-30,bea09,1
2009-05-30,bees,1
2009-05-30,berlin,1
2009-05-30,bgt,1
2009-05-30,bioniccommando,1
2009-05-30,cagerattle,1
2009-05-30,canon,1
2009-05-30,chicago,1
2009-05-30,coffee,1
2009-05-30,conchords,1
2009-05-30,criticalmass,1
2009-05-30,dab,1
2009-05-30,drupal,1
2009-05-30,dunedintweetup,1
2009-05-30,elevensestime,1
2009-05-30,etds,1
2009-05-30,evernote_eyefi,1
2009-05-30,f2,1
2009-05-30,fab,1
2009-05-30,firefox,1
2009-05-30,freenas,1
2009-05-30,fsck,1
2009-05-30,g1,1
2009-05-30,galley87,1
2009-05-30,georgia,1
2009-05-30,glastoticketfail,1
2009-05-30,goruco,1
2009-05-30,gripe,1
2009-05-30,hamr,1
2009-05-30,hayfever,1
2009-05-30,hcn09,1
2009-05-30,hospital,1
2009-05-30,htpc,1
2009-05-30,humantrafficking,1
2009-05-30,husband,1
2009-05-30,ilounge,1
2009-05-30,iphone,1
2009-05-30,ipod,1
2009-05-30,jetlag,1
2009-05-30,jtv,1
2009-05-30,langefamilyscam,1
2009-05-30,leno,1
2009-05-30,linke,1
2009-05-30,magento,1
2009-05-30,maxout,1
2009-05-30,mets,1
2009-05-30,michaelscofield,1
2009-05-30,mitm4e,1
2009-05-30,motogp,1
2009-05-30,nightshift,1
2009-05-30,nimitz,1
2009-05-30,noinviteforme,1
2009-05-30,openframeworks,1
2009-05-30,openspacecode,1
2009-05-30,phpvikinger,1
2009-05-30,pic,1
2009-05-30,pixar,1
2009-05-30,poetry,1
2009-05-30,poughkeepsie,1
2009-05-30,prisonbreak,1
2009-05-30,python,1
2009-05-30,rarebreeds,1
2009-05-30,recomendo,1
2009-05-30,red,1
2009-05-30,rocketmoms,1
2009-05-30,sale,1
2009-05-30,scared,1
2009-05-30,scrum,1
2009-05-30,sf4,1
2009-05-30,sharepoint,1
2009-05-30,sigh,1
2009-05-30,sims3,1
2009-05-30,slimnas,1
2009-05-30,spd,1
2009-05-30,staturday,1
2009-05-30,swineflu,1
2009-05-30,tbilnewmedia,1
2009-05-30,teksavvy,1
2009-05-30,tominspace,1
2009-05-30,treo,1
2009-05-30,trueblood,1
2009-05-30,ttrek09,1
2009-05-30,tweetie,1
2009-05-30,twitter,1
2009-05-30,twitterfon,1
2009-05-30,up,1
2009-05-30,wordpress,1
2009-05-30,work,1
2009-05-30,zenjar,1
